{"Flight ID":"d16a56c78318425fe247a817cbf0b49538fdd607dc8cabda7aa5f34faed9a4c5","Date":2024,"Scenario":"A001","Manually modified Phases":"No","Start_Align":12.7441,"Duration_Align":10.3201,"Start_Appr":23.0642,"Duration_Appr":108.5063,"Start_FA":131.5705,"Duration_FA":177.138,"Time_Dock":308.7085,"Duration_Total":295.9644,"OutOfCone_Align":0,"OutOfCone_Appr":0,"OutOfCone_FA":0,"OutOfCone_Total":0,"AboveClosingVel_Align":0,"AboveClosingVel_Appr":17.7295,"AboveClosingVel_FA":82.8698,"AboveClosingVel_Total":100.5993,"Fuel_Align":0.391,"Fuel_Appr":3.804,"Fuel_FA":3.229,"Fuel_Total":7.424,"LatOffsetAtStart_Align":1.3950498199,"LatOffsetAtStart_Appr":1.1141548366,"LatOffsetAtStart_FA":0.4142957881,"LatOffsetAt_Dock":0.1359154149,"NoVisTime_Align":0,"NoVisTime_Appr":0,"NoVisTime_FA":0,"NoVisTime_Total":0,"THCPSD_Align":0.34410418,"THCErr_Align":0,"RHCPSD_Align":0.0,"RHCErr_Align":0,"THCPSD_Appr":0.2847496724,"THCErr_Appr":6,"RHCPSD_Appr":0.0,"RHCErr_Appr":0,"THCPSD_FA":0.1366092716,"THCErr_FA":15,"RHCPSD_FA":0.0,"RHCErr_FA":0,"THCPSD_Total":0.1981224997,"THCErr_Total":21,"RHCPSD_Total":0.0,"RHCErr_Total":0,"LatOffAvg_Align":1.2564135427,"LatOffAvg_Appr":0.5884039146,"LatOffAvg_FA":0.2110072354,"LatOffAvg_Total":0.3857480393,"RollRms_Align":0.641,"RollRms_Appr":0.4519651778,"RollRms_FA":0.4613100429,"RollRms_Total":0.4653938236,"YawRms_Align":0.011980818,"YawRms_Appr":0.3137429612,"YawRms_FA":1.2132253272,"YawRms_Total":0.9577935478,"PitchRms_Align":1.3449880223,"PitchRms_Appr":0.9876330444,"PitchRms_FA":0.3546005221,"PitchRms_Total":0.7041056266}
