{"Flight ID":"4bcfdecf018129bb644473106cb01f3a9087d62f23039b8be3c9dd6b99318277","Date":2024,"Scenario":"B004FT","Manually modified Phases":"No","Start_Align":83.7834,"Duration_Align":293.8317,"Start_Appr":377.6151,"Duration_Appr":373.9233,"Start_FA":751.5384,"Duration_FA":170.0899,"Time_Dock":921.6283,"Duration_Total":837.8449,"OutOfCone_Align":0,"OutOfCone_Appr":0,"OutOfCone_FA":0,"OutOfCone_Total":0,"AboveClosingVel_Align":0,"AboveClosingVel_Appr":0.0,"AboveClosingVel_FA":44.0703,"AboveClosingVel_Total":44.0703,"Fuel_Align":8.924,"Fuel_Appr":5.38,"Fuel_FA":2.089,"Fuel_Total":16.393,"LatOffsetAtStart_Align":3.5725443314,"LatOffsetAtStart_Appr":0.1382353066,"LatOffsetAtStart_FA":0.2554310083,"LatOffsetAt_Dock":0.1985875122,"NoVisTime_Align":0,"NoVisTime_Appr":0,"NoVisTime_FA":0,"NoVisTime_Total":0,"THCPSD_Align":0.050434453,"THCErr_Align":8,"RHCPSD_Align":0.1050251676,"RHCErr_Align":1,"THCPSD_Appr":0.0400499237,"THCErr_Appr":3,"RHCPSD_Appr":0.0165351864,"RHCErr_Appr":1,"THCPSD_FA":0.0170731707,"THCErr_FA":3,"RHCPSD_FA":0.0110699,"RHCErr_FA":0,"THCPSD_Total":0.0390552028,"THCErr_Total":14,"RHCPSD_Total":0.0465561973,"RHCErr_Total":2,"LatOffAvg_Align":1.5207729748,"LatOffAvg_Appr":0.215149818,"LatOffAvg_FA":0.1545183225,"LatOffAvg_Total":0.6621406407,"RollRms_Align":39.5134968,"RollRms_Appr":1.3162947843,"RollRms_FA":1.9950733821,"RollRms_Total":23.4685531413,"YawRms_Align":1.5678849257,"YawRms_Appr":0.3400856681,"YawRms_FA":0.2283225201,"YawRms_Total":0.9627165326,"PitchRms_Align":1.412592421,"PitchRms_Appr":0.4314089107,"PitchRms_FA":0.3329571275,"PitchRms_Total":0.8985083541}
{"Flight ID":"4cb767e5c466103bfe1ee7755d9c722842b9329b73c9bf6e0c428ba6c1c29fcb","Date":2024,"Scenario":"B004FT","Manually modified Phases":"No","Start_Align":89.1974,"Duration_Align":236.6866,"Start_Appr":325.884,"Duration_Appr":346.4242,"Start_FA":672.3082,"Duration_FA":178.0968,"Time_Dock":850.405,"Duration_Total":761.2076,"OutOfCone_Align":0,"OutOfCone_Appr":0,"OutOfCone_FA":0,"OutOfCone_Total":0,"AboveClosingVel_Align":0,"AboveClosingVel_Appr":27.5392,"AboveClosingVel_FA":17.2074,"AboveClosingVel_Total":44.7466,"Fuel_Align":9.649,"Fuel_Appr":7.155,"Fuel_FA":2.924,"Fuel_Total":19.728,"LatOffsetAtStart_Align":3.7015673707,"LatOffsetAtStart_Appr":0.4269297366,"LatOffsetAtStart_FA":0.1691774217,"LatOffsetAt_Dock":0.087298339,"NoVisTime_Align":0,"NoVisTime_Appr":0,"NoVisTime_FA":0,"NoVisTime_Total":0,"THCPSD_Align":0.0492895022,"THCErr_Align":4,"RHCPSD_Align":0.1507733753,"RHCErr_Align":3,"THCPSD_Appr":0.0450683803,"THCErr_Appr":3,"RHCPSD_Appr":0.0264453024,"RHCErr_Appr":1,"THCPSD_FA":0.0070339977,"THCErr_FA":0,"RHCPSD_FA":0.0280489707,"RHCErr_FA":1,"THCPSD_Total":0.0375867375,"THCErr_Total":7,"RHCPSD_Total":0.065628796,"RHCErr_Total":5,"LatOffAvg_Align":1.4503665332,"LatOffAvg_Appr":0.195501083,"LatOffAvg_FA":0.1191089266,"LatOffAvg_Total":0.5695687868,"RollRms_Align":39.8897915656,"RollRms_Appr":1.6006411399,"RollRms_FA":2.21820234,"RollRms_Total":22.3392915993,"YawRms_Align":0.5996215038,"YawRms_Appr":0.2386707084,"YawRms_FA":0.279957797,"YawRms_Total":0.3954454379,"PitchRms_Align":0.3094715585,"PitchRms_Appr":0.2423216743,"PitchRms_FA":0.245071985,"PitchRms_Total":0.2657009628}
{"Flight ID":"e25343179d48203252eebe9a341d3993fd48fb2fff3b0e3ff396ab182f36b15f","Date":2024,"Scenario":"B004FT","Manually modified Phases":"No","Start_Align":71.4624,"Duration_Align":94.3272,"Start_Appr":165.7896,"Duration_Appr":314.3755,"Start_FA":480.1651,"Duration_FA":171.4383,"Time_Dock":651.6034,"Duration_Total":580.141,"OutOfCone_Align":0,"OutOfCone_Appr":0,"OutOfCone_FA":0,"OutOfCone_Total":0,"AboveClosingVel_Align":0,"AboveClosingVel_Appr":13.1847,"AboveClosingVel_FA":0.0,"AboveClosingVel_Total":13.1847,"Fuel_Align":3.993,"Fuel_Appr":4.565,"Fuel_FA":1.434,"Fuel_Total":9.992,"LatOffsetAtStart_Align":3.3029565544,"LatOffsetAtStart_Appr":0.1827183625,"LatOffsetAtStart_FA":0.279894623,"LatOffsetAt_Dock":0.0320624391,"NoVisTime_Align":0,"NoVisTime_Appr":0,"NoVisTime_FA":0,"NoVisTime_Total":0,"THCPSD_Align":0.1091145163,"THCErr_Align":2,"RHCPSD_Align":0.2040795468,"RHCErr_Align":0,"THCPSD_Appr":0.0640383807,"THCErr_Appr":3,"RHCPSD_Appr":0.002711268,"RHCErr_Appr":0,"THCPSD_FA":0.0196482135,"THCErr_FA":2,"RHCPSD_FA":0.0034529843,"RHCErr_FA":1,"THCPSD_Total":0.0583136109,"THCErr_Total":7,"RHCPSD_Total":0.0357755618,"RHCErr_Total":1,"LatOffAvg_Align":1.9650536254,"LatOffAvg_Appr":0.2545812226,"LatOffAvg_FA":0.2102622849,"LatOffAvg_Total":0.5205252289,"RollRms_Align":36.9820380829,"RollRms_Appr":0.3253086185,"RollRms_FA":0.7685966086,"RollRms_Total":14.9437736498,"YawRms_Align":0.4195110833,"YawRms_Appr":0.2782889597,"YawRms_FA":0.7634457543,"YawRms_Total":0.4923516134,"PitchRms_Align":0.4351797465,"PitchRms_Appr":0.318247191,"PitchRms_FA":0.4750569466,"PitchRms_Total":0.3902549915}
