{"Flight ID":"b5192b9b6b7bfd66bd41dfea1206178cb0448f707c32a53d692f5651a06ba23e","Date":2024,"Scenario":"B005FT","Manually modified Phases":"No","Start_Align":59.4347,"Duration_Align":135.534,"Start_Appr":194.9687,"Duration_Appr":307.1615,"Start_FA":502.1302,"Duration_FA":154.5468,"Time_Dock":656.677,"Duration_Total":597.2423,"OutOfCone_Align":0,"OutOfCone_Appr":0,"OutOfCone_FA":0,"OutOfCone_Total":0,"AboveClosingVel_Align":0,"AboveClosingVel_Appr":7.7564,"AboveClosingVel_FA":154.5468,"AboveClosingVel_Total":162.3032,"Fuel_Align":6.374,"Fuel_Appr":4.247,"Fuel_FA":1.554,"Fuel_Total":12.175,"LatOffsetAtStart_Align":3.7734281496,"LatOffsetAtStart_Appr":0.1804882268,"LatOffsetAtStart_FA":0.0733348485,"LatOffsetAt_Dock":0.1428355698,"NoVisTime_Align":0,"NoVisTime_Appr":0,"NoVisTime_FA":0,"NoVisTime_Total":0,"THCPSD_Align":0.0687085675,"THCErr_Align":1,"RHCPSD_Align":0.1367782762,"RHCErr_Align":1,"THCPSD_Appr":0.0688369826,"THCErr_Appr":4,"RHCPSD_Appr":0.0017983258,"RHCErr_Appr":0,"THCPSD_FA":0.0094635634,"THCErr_FA":0,"RHCPSD_FA":0.0029855648,"RHCErr_FA":0,"THCPSD_Total":0.0535048021,"THCErr_Total":5,"RHCPSD_Total":0.0327140275,"RHCErr_Total":1,"LatOffAvg_Align":2.6249402772,"LatOffAvg_Appr":0.1508467622,"LatOffAvg_FA":0.0803587264,"LatOffAvg_Total":0.6937346106,"RollRms_Align":13.3610576536,"RollRms_Appr":0.2105405799,"RollRms_FA":0.44475866,"RollRms_Total":6.3684159433,"YawRms_Align":0.6458672482,"YawRms_Appr":0.4194465805,"YawRms_FA":0.5116065719,"YawRms_Total":0.5027432417,"PitchRms_Align":2.4095791799,"PitchRms_Appr":0.4429542534,"PitchRms_FA":0.5925819824,"PitchRms_Total":1.2281308604}
