{"Flight ID":"31fdb4684622838b2954fa1af1b7d91514275a7e0d6622caf2cf87eebf5b66e6","Date":2024,"Scenario":"C001a","Manually modified Phases":"No","Start_Align":31.2119,"Duration_Align":14.9995,"Start_Appr":46.2114,"Duration_Appr":275.1175,"Start_FA":321.3289,"Duration_FA":167.8085,"Time_Dock":489.1374,"Duration_Total":457.9255,"OutOfCone_Align":14.9995,"OutOfCone_Appr":64.6227,"OutOfCone_FA":0,"OutOfCone_Total":79.6222,"AboveClosingVel_Align":0,"AboveClosingVel_Appr":118.0042,"AboveClosingVel_FA":6.0705,"AboveClosingVel_Total":124.0747,"Fuel_Align":2.119,"Fuel_Appr":25.22,"Fuel_FA":3.818,"Fuel_Total":31.157,"LatOffsetAtStart_Align":19.6557048462,"LatOffsetAtStart_Appr":18.4470953811,"LatOffsetAtStart_FA":0.3578407467,"LatOffsetAt_Dock":0.1054229577,"NoVisTime_Align":0,"NoVisTime_Appr":0,"NoVisTime_FA":0,"NoVisTime_Total":0,"THCPSD_Align":0.4583333333,"THCErr_Align":0,"RHCPSD_Align":0.25840375,"RHCErr_Align":0,"THCPSD_Appr":0.2174373017,"THCErr_Appr":6,"RHCPSD_Appr":0.2191214655,"RHCErr_Appr":5,"THCPSD_FA":0.0733538879,"THCErr_FA":6,"RHCPSD_FA":0.0208289041,"RHCErr_FA":1,"THCPSD_Total":0.1726084654,"THCErr_Total":12,"RHCPSD_Total":0.1478358674,"RHCErr_Total":6,"LatOffAvg_Align":19.2323153769,"LatOffAvg_Appr":5.0301663945,"LatOffAvg_FA":0.2569938869,"LatOffAvg_Total":3.7492626585,"RollRms_Align":50.0880268136,"RollRms_Appr":34.4449135417,"RollRms_FA":1.0285157661,"RollRms_Total":28.2133918233,"YawRms_Align":11.460042727,"YawRms_Appr":5.7023303608,"YawRms_FA":0.5734041312,"YawRms_Total":4.8968076867,"PitchRms_Align":9.6661471865,"PitchRms_Appr":3.8987678729,"PitchRms_FA":0.5094090061,"PitchRms_Total":3.5070555955}
